id,member_id,loan_amnt,funded_amnt,funded_amnt_inv,term,int_rate,installment,grade,sub_grade,emp_title,emp_length,home_ownership,annual_inc,verification_status,issue_d,loan_status,pymnt_plan,url,desc,purpose,title,zip_code,addr_state,dti,delinq_2yrs,earliest_cr_line,inq_last_6mths,mths_since_last_delinq,mths_since_last_record,open_acc,pub_rec,revol_bal,revol_util,total_acc,initial_list_status,out_prncp,out_prncp_inv,total_pymnt,total_pymnt_inv,total_rec_prncp,total_rec_int,total_rec_late_fee,recoveries,collection_recovery_fee,last_pymnt_d,last_pymnt_amnt,next_pymnt_d,last_credit_pull_d,collections_12_mths_ex_med,mths_since_last_major_derog,policy_code,application_type,annual_inc_joint,dti_joint,verification_status_joint,acc_now_delinq,tot_coll_amt,tot_cur_bal,open_acc_6m,open_il_12m,open_il_24m,mths_since_rcnt_il,total_bal_il,il_util,open_rv_12m,open_rv_24m,max_bal_bc,all_util,total_rev_hi_lim,inq_fi,total_cu_tl,inq_last_12m,month,year
NA,NA,2500,2500,2500, 36 months,13.56,84.92,C,C1,Chef,10+ years,RENT,55000,Not Verified,Dec-18,Current,n,NA,,debt_consolidation,Debt consolidation,109xx,NY,18.24,0,Apr-01,1,NA,45,9,1,4341,10.3,34,w,2386.02,2386.02,167.02,167.02,113.98,53.04,0,0,0,Feb-19,84.92,Mar-19,Feb-19,0,NA,1,Individual,NA,NA,,0,0,16901,2,1,2,2,12560,69,2,7,2137,28,42000,1,11,2,Dec,2012
NA,NA,30000,30000,30000, 60 months,18.94,777.23,D,D2,Postmaster ,10+ years,MORTGAGE,90000,Source Verified,Dec-18,Current,n,NA,,debt_consolidation,Debt consolidation,713xx,LA,26.52,0,Jun-87,0,71,75,13,1,12315,24.2,44,w,29387.75,29387.75,1507.11,1507.11,612.25,894.86,0,0,0,Feb-19,777.23,Mar-19,Feb-19,0,NA,1,Individual,NA,NA,,0,1208,321915,4,2,3,3,87153,88,4,5,998,57,50800,2,15,2,Dec,2012
NA,NA,5000,5000,5000, 36 months,17.97,180.69,D,D1,Administrative,6 years,MORTGAGE,59280,Source Verified,Dec-18,Current,n,NA,,debt_consolidation,Debt consolidation,490xx,MI,10.51,0,Apr-11,0,NA,NA,8,0,4599,19.1,13,w,4787.21,4787.21,353.89,353.89,212.79,141.1,0,0,0,Feb-19,180.69,Mar-19,Feb-19,0,NA,1,Individual,NA,NA,,0,0,110299,0,0,2,14,7150,72,0,2,0,35,24100,1,5,0,Dec,2013
NA,NA,4000,4000,4000, 36 months,18.94,146.51,D,D2,IT Supervisor,10+ years,MORTGAGE,92000,Source Verified,Dec-18,Current,n,NA,,debt_consolidation,Debt consolidation,985xx,WA,16.74,0,Feb-06,0,NA,NA,10,0,5468,78.1,13,w,3831.93,3831.93,286.71,286.71,168.07,118.64,0,0,0,Feb-19,146.51,Mar-19,Feb-19,0,NA,1,Individual,NA,NA,,0,686,305049,1,3,5,5,30683,68,0,0,3761,70,7000,2,4,3,Dec,2013
NA,NA,30000,30000,30000, 60 months,16.14,731.78,C,C4,Mechanic,10+ years,MORTGAGE,57250,Not Verified,Dec-18,Current,n,NA,,debt_consolidation,Debt consolidation,212xx,MD,26.35,0,Dec-00,0,NA,NA,12,0,829,3.6,26,w,29339.02,29339.02,1423.21,1423.21,660.98,762.23,0,0,0,Feb-19,731.78,Mar-19,Feb-19,0,NA,1,Individual,NA,NA,,0,0,116007,3,3,5,4,28845,89,2,4,516,54,23100,1,0,0,Dec,2014
NA,NA,5550,5550,5550, 36 months,15.02,192.45,C,C3,Director COE,10+ years,MORTGAGE,152500,Not Verified,Dec-18,Current,n,NA,,credit_card,Credit card refinancing,461xx,IN,37.94,0,Sep-02,3,NA,NA,18,0,53854,48.1,44,w,5302.5,5302.5,377.95,377.95,247.5,130.45,0,0,0,Feb-19,192.45,Mar-19,Feb-19,0,NA,1,Individual,NA,NA,,0,0,685749,1,2,3,4,131524,72,1,4,17584,58,111900,2,4,6,Dec,2014
NA,NA,2000,2000,2000, 36 months,17.97,72.28,D,D1,Account Manager,4 years,RENT,51000,Source Verified,Dec-18,Current,n,NA,,debt_consolidation,Debt consolidation,606xx,IL,2.4,0,Nov-04,1,NA,NA,1,0,0,NA,9,w,1914.71,1914.71,141.56,141.56,85.29,56.27,0,0,0,Feb-19,72.28,Mar-19,Feb-19,0,NA,1,Individual,NA,NA,,0,0,854,0,2,3,7,0,NA,0,1,0,100,0,0,0,1,Dec,2018
NA,NA,6000,6000,6000, 36 months,13.56,203.79,C,C1,Assistant Director,10+ years,RENT,65000,Source Verified,Dec-18,Current,n,NA,,credit_card,Credit card refinancing,460xx,IN,30.1,0,Nov-97,0,NA,NA,19,0,38476,69.3,37,w,5864.01,5864.01,201.53,201.53,135.99,65.54,0,0,0,Feb-19,208.31,Mar-19,Feb-19,0,NA,1,Individual,NA,NA,,0,0,91535,0,0,1,23,53059,87,0,2,9413,74,55500,1,2,0,Dec,2018
NA,NA,5000,5000,5000, 36 months,17.97,180.69,D,D1,Legal Assistant III,10+ years,MORTGAGE,53580,Source Verified,Dec-18,Current,n,NA,,debt_consolidation,Debt consolidation,327xx,FL,21.16,0,Aug-98,1,32,NA,8,0,8018,35.2,38,w,4786.79,4786.79,353.89,353.89,213.21,140.68,0,0,0,Feb-19,180.69,Mar-19,Feb-19,0,45,1,Individual,NA,NA,,0,0,41882,5,5,5,3,33864,98,1,6,3132,73,22800,2,1,4,Dec,2018
NA,NA,6000,6000,6000, 36 months,14.47,206.44,C,C2,,< 1 year,OWN,3.00E+05,Not Verified,Dec-18,Current,n,NA,,debt_consolidation,Debt consolidation,068xx,CT,17.43,1,Apr-02,1,17,NA,38,0,65950,49.8,58,w,5730.2,5730.2,405.64,405.64,269.8,135.84,0,0,0,Feb-19,206.44,Mar-19,Feb-19,0,NA,1,Individual,NA,NA,,0,0,349502,1,1,3,7,39961,45,1,12,15926,48,132500,2,2,2,Dec,2018
